name,URL,update_time,description,location,category,stage,social_media,age,create_time,close_time,employees,type,source
TechCrunch,None,None,None,None,None,None,None,None,None,None,None,None,4 0 0 0 0 0 0 0 0 0 0 0 0 0
AI,None,None,None,None,None,None,None,None,None,None,None,None,4 0 0 0 0 0 0 0 0 0 0 0 0 0
CPG,None,None,None,None,None,None,None,None,None,None,None,None,4 0 0 0 0 0 0 0 0 0 0 0 0 0
Caden,None,None,None,None,None,None,None,None,None,None,None,None,4 0 0 0 0 0 0 0 0 0 0 0 0 0
Mugunthan,None,None,None,None,None,None,None,None,None,None,None,None,4 0 0 0 0 0 0 0 0 0 0 0 0 0
XV,None,None,None,None,None,None,None,None,None,None,None,None,4 0 0 0 0 0 0 0 0 0 0 0 0 0
Sithole,None,None,None,None,None,None,None,None,None,None,None,None,4 0 0 0 0 0 0 0 0 0 0 0 0 0
Beckwith,None,None,None,None,None,None,None,None,None,None,None,None,4 0 0 0 0 0 0 0 0 0 0 0 0 0
Multiply,None,None,None,None,None,None,None,None,None,None,None,None,4 0 0 0 0 0 0 0 0 0 0 0 0 0
eBay,None,None,None,None,None,None,None,None,None,None,None,None,4 0 0 0 0 0 0 0 0 0 0 0 0 0
Brex,None,None,None,None,None,None,None,None,None,None,None,None,4 0 0 0 0 0 0 0 0 0 0 0 0 0
Endowus,None,None,None,None,None,None,None,None,None,None,None,None,4 0 0 0 0 0 0 0 0 0 0 0 0 0
Wangs,None,None,None,None,None,None,None,None,None,None,None,None,4 0 0 0 0 0 0 0 0 0 0 0 0 0
Sendys,None,None,None,None,None,None,None,None,None,None,None,None,4 0 0 0 0 0 0 0 0 0 0 0 0 0
AV,None,None,None,None,None,None,None,None,None,None,None,None,4 0 0 0 0 0 0 0 0 0 0 0 0 0
SoftBank,None,None,None,None,None,None,None,None,None,None,None,None,4 0 0 0 0 0 0 0 0 0 0 0 0 0
Ganguly,None,None,None,None,None,None,None,None,None,None,None,None,4 0 0 0 0 0 0 0 0 0 0 0 0 0
Microsoft,None,None,None,None,None,None,None,None,None,None,None,None,4 0 0 0 0 0 0 0 0 0 0 0 0 0
MPL,None,None,None,None,None,None,None,None,None,None,None,None,4 0 0 0 0 0 0 0 0 0 0 0 0 0
Chargeflow,None,None,None,None,None,None,None,None,None,None,None,None,4 0 0 0 0 0 0 0 0 0 0 0 0 0
Svatantra,None,None,None,None,None,None,None,None,None,None,None,None,4 0 0 0 0 0 0 0 0 0 0 0 0 0
Antani,None,None,None,None,None,None,None,None,None,None,None,None,4 0 0 0 0 0 0 0 0 0 0 0 0 0
Dongnae,None,None,None,None,None,None,None,None,None,None,None,None,4 0 0 0 0 0 0 0 0 0 0 0 0 0
Papa,None,None,None,None,None,None,None,None,None,None,None,None,4 0 0 0 0 0 0 0 0 0 0 0 0 0
TechCrunchs,None,None,None,None,None,None,None,None,None,None,None,None,4 0 0 0 0 0 0 0 0 0 0 0 0 0
Cohart,None,None,None,None,None,None,None,None,None,None,None,None,4 0 0 0 0 0 0 0 0 0 0 0 0 0
Orangewood,None,None,None,None,None,None,None,None,None,None,None,None,4 0 0 0 0 0 0 0 0 0 0 0 0 0
Garbage,None,None,None,None,None,None,None,None,None,None,None,None,4 0 0 0 0 0 0 0 0 0 0 0 0 0
Gillette,None,None,None,None,None,None,None,None,None,None,None,None,4 0 0 0 0 0 0 0 0 0 0 0 0 0
Shadowfax,None,None,None,None,None,None,None,None,None,None,None,None,4 0 0 0 0 0 0 0 0 0 0 0 0 0
MontoyWilson,None,None,None,None,None,None,None,None,None,None,None,None,4 0 0 0 0 0 0 0 0 0 0 0 0 0
Theranos,None,None,None,None,None,None,None,None,None,None,None,None,4 0 0 0 0 0 0 0 0 0 0 0 0 0
Ramp,None,None,None,None,None,None,None,None,None,None,None,None,4 0 0 0 0 0 0 0 0 0 0 0 0 0
ReBokeh,None,None,None,None,None,None,None,None,None,None,None,None,4 0 0 0 0 0 0 0 0 0 0 0 0 0
ConfiAbogado,None,None,None,None,None,None,None,None,None,None,None,None,4 0 0 0 0 0 0 0 0 0 0 0 0 0
Nile,None,None,None,None,None,None,None,None,None,None,None,None,4 0 0 0 0 0 0 0 0 0 0 0 0 0
Tidelift,None,None,None,None,None,None,None,None,None,None,None,None,4 0 0 0 0 0 0 0 0 0 0 0 0 0
Neon,None,None,None,None,None,None,None,None,None,None,None,None,4 0 0 0 0 0 0 0 0 0 0 0 0 0
Fizz,None,None,None,None,None,None,None,None,None,None,None,None,4 0 0 0 0 0 0 0 0 0 0 0 0 0
Virtualitics,None,None,None,None,None,None,None,None,None,None,None,None,4 0 0 0 0 0 0 0 0 0 0 0 0 0
Veo,None,None,None,None,None,None,None,None,None,None,None,None,4 0 0 0 0 0 0 0 0 0 0 0 0 0
Visa,None,None,None,None,None,None,None,None,None,None,None,None,4 0 0 0 0 0 0 0 0 0 0 0 0 0
Nigam,None,None,None,None,None,None,None,None,None,None,None,None,4 0 0 0 0 0 0 0 0 0 0 0 0 0
Instacart,None,None,None,None,None,None,None,None,None,None,None,None,4 0 0 0 0 0 0 0 0 0 0 0 0 0
Osanos,None,None,None,None,None,None,None,None,None,None,None,None,4 0 0 0 0 0 0 0 0 0 0 0 0 0
SDK,None,None,None,None,None,None,None,None,None,None,None,None,4 0 0 0 0 0 0 0 0 0 0 0 0 0
Avent,None,None,None,None,None,None,None,None,None,None,None,None,4 0 0 0 0 0 0 0 0 0 0 0 0 0
Companies,None,None,None,None,None,None,None,None,None,None,None,None,4 0 0 0 0 0 0 0 0 0 0 0 0 0
Anthropics,None,None,None,None,None,None,None,None,None,None,None,None,4 0 0 0 0 0 0 0 0 0 0 0 0 0
Tesla,None,None,None,None,None,None,None,None,None,None,None,None,4 0 0 0 0 0 0 0 0 0 0 0 0 0
Root,None,None,None,None,None,None,None,None,None,None,None,None,4 0 0 0 0 0 0 0 0 0 0 0 0 0
Symmetry,None,None,None,None,None,None,None,None,None,None,None,None,4 0 0 0 0 0 0 0 0 0 0 0 0 0
WeWork,None,None,None,None,None,None,None,None,None,None,None,None,4 0 0 0 0 0 0 0 0 0 0 0 0 0
Mixlab,None,None,None,None,None,None,None,None,None,None,None,None,4 0 0 0 0 0 0 0 0 0 0 0 0 0
Interchange,None,None,None,None,None,None,None,None,None,None,None,None,4 0 0 0 0 0 0 0 0 0 0 0 0 0
NDR,None,None,None,None,None,None,None,None,None,None,None,None,4 0 0 0 0 0 0 0 0 0 0 0 0 0
Bettercom,None,None,None,None,None,None,None,None,None,None,None,None,4 0 0 0 0 0 0 0 0 0 0 0 0 0
Treasury,None,None,None,None,None,None,None,None,None,None,None,None,4 0 0 0 0 0 0 0 0 0 0 0 0 0
Martinez,None,None,None,None,None,None,None,None,None,None,None,None,4 0 0 0 0 0 0 0 0 0 0 0 0 0
ANYbotics,None,None,None,None,None,None,None,None,None,None,None,None,4 0 0 0 0 0 0 0 0 0 0 0 0 0
BlueJeans,None,None,None,None,None,None,None,None,None,None,None,None,4 0 0 0 0 0 0 0 0 0 0 0 0 0
ARR,None,None,None,None,None,None,None,None,None,None,None,None,4 0 0 0 0 0 0 0 0 0 0 0 0 0
Meatables,None,None,None,None,None,None,None,None,None,None,None,None,4 0 0 0 0 0 0 0 0 0 0 0 0 0
IPO,None,None,None,None,None,None,None,None,None,None,None,None,4 0 0 0 0 0 0 0 0 0 0 0 0 0
Zoom,None,None,None,None,None,None,None,None,None,None,None,None,4 0 0 0 0 0 0 0 0 0 0 0 0 0
Model,None,None,None,None,None,None,None,None,None,None,None,None,4 0 0 0 0 0 0 0 0 0 0 0 0 0
Sprengs,None,None,None,None,None,None,None,None,None,None,None,None,4 0 0 0 0 0 0 0 0 0 0 0 0 0
Adapty,None,None,None,None,None,None,None,None,None,None,None,None,4 0 0 0 0 0 0 0 0 0 0 0 0 0
Walmart,None,None,None,None,None,None,None,None,None,None,None,None,4 0 0 0 0 0 0 0 0 0 0 0 0 0
SPAC,None,None,None,None,None,None,None,None,None,None,None,None,4 0 0 0 0 0 0 0 0 0 0 0 0 0
Brooks,None,None,None,None,None,None,None,None,None,None,None,None,4 0 0 0 0 0 0 0 0 0 0 0 0 0
Disrupt,None,None,None,None,None,None,None,None,None,None,None,None,4 0 0 0 0 0 0 0 0 0 0 0 0 0
SquadTrip,None,None,None,None,None,None,None,None,None,None,None,None,4 0 0 0 0 0 0 0 0 0 0 0 0 0
Crunchbase,None,None,None,None,None,None,None,None,None,None,None,None,4 0 0 0 0 0 0 0 0 0 0 0 0 0
EventMobi,None,None,None,None,None,None,None,None,None,None,None,None,4 0 0 0 0 0 0 0 0 0 0 0 0 0
Nasdaq,None,None,None,None,None,None,None,None,None,None,None,None,4 0 0 0 0 0 0 0 0 0 0 0 0 0
VegaSanz,None,None,None,None,None,None,None,None,None,None,None,None,4 0 0 0 0 0 0 0 0 0 0 0 0 0
Endors,None,None,None,None,None,None,None,None,None,None,None,None,4 0 0 0 0 0 0 0 0 0 0 0 0 0
Datasaur,None,None,None,None,None,None,None,None,None,None,None,None,4 0 0 0 0 0 0 0 0 0 0 0 0 0
Pockit,None,None,None,None,None,None,None,None,None,None,None,None,4 0 0 0 0 0 0 0 0 0 0 0 0 0
HackerOne,None,None,None,None,None,None,None,None,None,None,None,None,4 0 0 0 0 0 0 0 0 0 0 0 0 0
USCIS,None,None,None,None,None,None,None,None,None,None,None,None,4 0 0 0 0 0 0 0 0 0 0 0 0 0
SAFE,None,None,None,None,None,None,None,None,None,None,None,None,4 0 0 0 0 0 0 0 0 0 0 0 0 0
AngelList,None,None,None,None,None,None,None,None,None,None,None,None,4 0 0 0 0 0 0 0 0 0 0 0 0 0
Javaid,None,None,None,None,None,None,None,None,None,None,None,None,4 0 0 0 0 0 0 0 0 0 0 0 0 0
Pollens,None,None,None,None,None,None,None,None,None,None,None,None,4 0 0 0 0 0 0 0 0 0 0 0 0 0
NPE,None,None,None,None,None,None,None,None,None,None,None,None,4 0 0 0 0 0 0 0 0 0 0 0 0 0
Universe,None,None,None,None,None,None,None,None,None,None,None,None,4 0 0 0 0 0 0 0 0 0 0 0 0 0
Spinal,None,None,None,None,None,None,None,None,None,None,None,None,4 0 0 0 0 0 0 0 0 0 0 0 0 0
Finix,None,None,None,None,None,None,None,None,None,None,None,None,4 0 0 0 0 0 0 0 0 0 0 0 0 0
GlossGenius,None,None,None,None,None,None,None,None,None,None,None,None,4 0 0 0 0 0 0 0 0 0 0 0 0 0
IP,None,None,None,None,None,None,None,None,None,None,None,None,4 0 0 0 0 0 0 0 0 0 0 0 0 0
Businesses,None,None,None,None,None,None,None,None,None,None,None,None,4 0 0 0 0 0 0 0 0 0 0 0 0 0
Communities,None,None,None,None,None,None,None,None,None,None,None,None,4 0 0 0 0 0 0 0 0 0 0 0 0 0
KnoCommerce,None,None,None,None,None,None,None,None,None,None,None,None,4 0 0 0 0 0 0 0 0 0 0 0 0 0
Brevels,None,None,None,None,None,None,None,None,None,None,None,None,4 0 0 0 0 0 0 0 0 0 0 0 0 0
Flutterwave,None,None,None,None,None,None,None,None,None,None,None,None,4 0 0 0 0 0 0 0 0 0 0 0 0 0
Worldcoin,None,None,None,None,None,None,None,None,None,None,None,None,4 0 0 0 0 0 0 0 0 0 0 0 0 0
Niknam,None,None,None,None,None,None,None,None,None,None,None,None,4 0 0 0 0 0 0 0 0 0 0 0 0 0
EV,None,None,None,None,None,None,None,None,None,None,None,None,4 0 0 0 0 0 0 0 0 0 0 0 0 0
ECSmodulating,None,None,None,None,None,None,None,None,None,None,None,None,4 0 0 0 0 0 0 0 0 0 0 0 0 0
FedNow,None,None,None,None,None,None,None,None,None,None,None,None,4 0 0 0 0 0 0 0 0 0 0 0 0 0
API,None,None,None,None,None,None,None,None,None,None,None,None,4 0 0 0 0 0 0 0 0 0 0 0 0 0
Futureverse,None,None,None,None,None,None,None,None,None,None,None,None,4 0 0 0 0 0 0 0 0 0 0 0 0 0
Vanguard,None,None,None,None,None,None,None,None,None,None,None,None,4 0 0 0 0 0 0 0 0 0 0 0 0 0
QED,None,None,None,None,None,None,None,None,None,None,None,None,4 0 0 0 0 0 0 0 0 0 0 0 0 0
Dynatrace,None,None,None,None,None,None,None,None,None,None,None,None,4 0 0 0 0 0 0 0 0 0 0 0 0 0
Systrom,None,None,None,None,None,None,None,None,None,None,None,None,4 0 0 0 0 0 0 0 0 0 0 0 0 0
Bryant,None,None,None,None,None,None,None,None,None,None,None,None,4 0 0 0 0 0 0 0 0 0 0 0 0 0
Cirne,None,None,None,None,None,None,None,None,None,None,None,None,4 0 0 0 0 0 0 0 0 0 0 0 0 0
Gartner,None,None,None,None,None,None,None,None,None,None,None,None,4 0 0 0 0 0 0 0 0 0 0 0 0 0
Truphone,None,None,None,None,None,None,None,None,None,None,None,None,4 0 0 0 0 0 0 0 0 0 0 0 0 0
Blooms,None,None,None,None,None,None,None,None,None,None,None,None,4 0 0 0 0 0 0 0 0 0 0 0 0 0
Ornitz,None,None,None,None,None,None,None,None,None,None,None,None,4 0 0 0 0 0 0 0 0 0 0 0 0 0
DealShare,None,None,None,None,None,None,None,None,None,None,None,None,4 0 0 0 0 0 0 0 0 0 0 0 0 0
Fidelity,None,None,None,None,None,None,None,None,None,None,None,None,4 0 0 0 0 0 0 0 0 0 0 0 0 0
Flipkart,None,None,None,None,None,None,None,None,None,None,None,None,4 0 0 0 0 0 0 0 0 0 0 0 0 0
Jeeves,None,None,None,None,None,None,None,None,None,None,None,None,4 0 0 0 0 0 0 0 0 0 0 0 0 0
MycoWorks,None,None,None,None,None,None,None,None,None,None,None,None,4 0 0 0 0 0 0 0 0 0 0 0 0 0
Rings,None,None,None,None,None,None,None,None,None,None,None,None,4 0 0 0 0 0 0 0 0 0 0 0 0 0
Knowledge,None,None,None,None,None,None,None,None,None,None,None,None,4 0 0 0 0 0 0 0 0 0 0 0 0 0
Sandepudi,None,None,None,None,None,None,None,None,None,None,None,None,4 0 0 0 0 0 0 0 0 0 0 0 0 0
Trustmi,None,None,None,None,None,None,None,None,None,None,None,None,4 0 0 0 0 0 0 0 0 0 0 0 0 0
Dioxycle,None,None,None,None,None,None,None,None,None,None,None,None,4 0 0 0 0 0 0 0 0 0 0 0 0 0
Uber,None,None,None,None,None,None,None,None,None,None,None,None,4 0 0 0 0 0 0 0 0 0 0 0 0 0
Penneycard,None,None,None,None,None,None,None,None,None,None,None,None,4 0 0 0 0 0 0 0 0 0 0 0 0 0
MathMaster,None,None,None,None,None,None,None,None,None,None,None,None,4 0 0 0 0 0 0 0 0 0 0 0 0 0
Snowstorm,None,None,None,None,None,None,None,None,None,None,None,None,4 0 0 0 0 0 0 0 0 0 0 0 0 0
Notices,None,None,None,None,None,None,None,None,None,None,None,None,4 0 0 0 0 0 0 0 0 0 0 0 0 0
Dunzo,None,None,None,None,None,None,None,None,None,None,None,None,4 0 0 0 0 0 0 0 0 0 0 0 0 0
Foxs,None,None,None,None,None,None,None,None,None,None,None,None,4 0 0 0 0 0 0 0 0 0 0 0 0 0
Creators,None,None,None,None,None,None,None,None,None,None,None,None,4 0 0 0 0 0 0 0 0 0 0 0 0 0
Unstructured,None,None,None,None,None,None,None,None,None,None,None,None,4 0 0 0 0 0 0 0 0 0 0 0 0 0
Umbra,None,None,None,None,None,None,None,None,None,None,None,None,4 0 0 0 0 0 0 0 0 0 0 0 0 0
MatrixSpace,None,None,None,None,None,None,None,None,None,None,None,None,4 0 0 0 0 0 0 0 0 0 0 0 0 0
Emphasis,None,None,None,None,None,None,None,None,None,None,None,None,4 0 0 0 0 0 0 0 0 0 0 0 0 0
Iconiq,None,None,None,None,None,None,None,None,None,None,None,None,4 0 0 0 0 0 0 0 0 0 0 0 0 0
Musinsa,None,None,None,None,None,None,None,None,None,None,None,None,4 0 0 0 0 0 0 0 0 0 0 0 0 0
PrivateCircle,None,None,None,None,None,None,None,None,None,None,None,None,4 0 0 0 0 0 0 0 0 0 0 0 0 0
Liquido,None,None,None,None,None,None,None,None,None,None,None,None,4 0 0 0 0 0 0 0 0 0 0 0 0 0
Cruise,None,None,None,None,None,None,None,None,None,None,None,None,4 0 0 0 0 0 0 0 0 0 0 0 0 0
Expo,None,None,None,None,None,None,None,None,None,None,None,None,4 0 0 0 0 0 0 0 0 0 0 0 0 0
Capchases,None,None,None,None,None,None,None,None,None,None,None,None,4 0 0 0 0 0 0 0 0 0 0 0 0 0
Oddity,None,None,None,None,None,None,None,None,None,None,None,None,4 0 0 0 0 0 0 0 0 0 0 0 0 0
Collectly,None,None,None,None,None,None,None,None,None,None,None,None,4 0 0 0 0 0 0 0 0 0 0 0 0 0
InDrive,None,None,None,None,None,None,None,None,None,None,None,None,4 0 0 0 0 0 0 0 0 0 0 0 0 0
Serverscom,None,None,None,None,None,None,None,None,None,None,None,None,4 0 0 0 0 0 0 0 0 0 0 0 0 0
Cameo,None,None,None,None,None,None,None,None,None,None,None,None,4 0 0 0 0 0 0 0 0 0 0 0 0 0
OpenViews,None,None,None,None,None,None,None,None,None,None,None,None,4 0 0 0 0 0 0 0 0 0 0 0 0 0
TGS,None,None,None,None,None,None,None,None,None,None,None,None,4 0 0 0 0 0 0 0 0 0 0 0 0 0
Cognaize,None,None,None,None,None,None,None,None,None,None,None,None,4 0 0 0 0 0 0 0 0 0 0 0 0 0
Telegram,None,None,None,None,None,None,None,None,None,None,None,None,4 0 0 0 0 0 0 0 0 0 0 0 0 0
Insurtech,None,None,None,None,None,None,None,None,None,None,None,None,4 0 0 0 0 0 0 0 0 0 0 0 0 0
BenIsrael,None,None,None,None,None,None,None,None,None,None,None,None,4 0 0 0 0 0 0 0 0 0 0 0 0 0
Netcraft,None,None,None,None,None,None,None,None,None,None,None,None,4 0 0 0 0 0 0 0 0 0 0 0 0 0
Shopify,None,None,None,None,None,None,None,None,None,None,None,None,4 0 0 0 0 0 0 0 0 0 0 0 0 0
Hammerspace,None,None,None,None,None,None,None,None,None,None,None,None,4 0 0 0 0 0 0 0 0 0 0 0 0 0
Komi,None,None,None,None,None,None,None,None,None,None,None,None,4 0 0 0 0 0 0 0 0 0 0 0 0 0
VanMoof,None,None,None,None,None,None,None,None,None,None,None,None,4 0 0 0 0 0 0 0 0 0 0 0 0 0
Bureau,None,None,None,None,None,None,None,None,None,None,None,None,4 0 0 0 0 0 0 0 0 0 0 0 0 0
Sylvera,None,None,None,None,None,None,None,None,None,None,None,None,4 0 0 0 0 0 0 0 0 0 0 0 0 0
Infosys,None,None,None,None,None,None,None,None,None,None,None,None,4 0 0 0 0 0 0 0 0 0 0 0 0 0
Runway,None,None,None,None,None,None,None,None,None,None,None,None,4 0 0 0 0 0 0 0 0 0 0 0 0 0
Intel,None,None,None,None,None,None,None,None,None,None,None,None,4 0 0 0 0 0 0 0 0 0 0 0 0 0
Furlenco,None,None,None,None,None,None,None,None,None,None,None,None,4 0 0 0 0 0 0 0 0 0 0 0 0 0
Orbas,None,None,None,None,None,None,None,None,None,None,None,None,4 0 0 0 0 0 0 0 0 0 0 0 0 0
Helton,None,None,None,None,None,None,None,None,None,None,None,None,4 0 0 0 0 0 0 0 0 0 0 0 0 0
Particle,None,None,None,None,None,None,None,None,None,None,None,None,4 0 0 0 0 0 0 0 0 0 0 0 0 0
W,None,None,None,None,None,None,None,None,None,None,None,None,4 0 0 0 0 0 0 0 0 0 0 0 0 0
Blackwell,None,None,None,None,None,None,None,None,None,None,None,None,4 0 0 0 0 0 0 0 0 0 0 0 0 0
iRobot,None,None,None,None,None,None,None,None,None,None,None,None,4 0 0 0 0 0 0 0 0 0 0 0 0 0
Goodreads,None,None,None,None,None,None,None,None,None,None,None,None,4 0 0 0 0 0 0 0 0 0 0 0 0 0
Regardless,None,None,None,None,None,None,None,None,None,None,None,None,4 0 0 0 0 0 0 0 0 0 0 0 0 0
Feinzaig,None,None,None,None,None,None,None,None,None,None,None,None,4 0 0 0 0 0 0 0 0 0 0 0 0 0
Fanhouse,None,None,None,None,None,None,None,None,None,None,None,None,4 0 0 0 0 0 0 0 0 0 0 0 0 0
Problem,None,None,None,None,None,None,None,None,None,None,None,None,4 0 0 0 0 0 0 0 0 0 0 0 0 0
PhonePe,None,None,None,None,None,None,None,None,None,None,None,None,4 0 0 0 0 0 0 0 0 0 0 0 0 0
Startups,None,None,None,None,None,None,None,None,None,None,None,None,4 0 0 0 0 0 0 0 0 0 0 0 0 0
Corporate,None,None,None,None,None,None,None,None,None,None,None,None,4 0 0 0 0 0 0 0 0 0 0 0 0 0
Failing,None,None,None,None,None,None,None,None,None,None,None,None,4 0 0 0 0 0 0 0 0 0 0 0 0 0
Amazon,None,None,None,None,None,None,None,None,None,None,None,None,4 0 0 0 0 0 0 0 0 0 0 0 0 0
IoT,None,None,None,None,None,None,None,None,None,None,None,None,4 0 0 0 0 0 0 0 0 0 0 0 0 0
Mattilda,None,None,None,None,None,None,None,None,None,None,None,None,4 0 0 0 0 0 0 0 0 0 0 0 0 0
SkillLync,None,None,None,None,None,None,None,None,None,None,None,None,4 0 0 0 0 0 0 0 0 0 0 0 0 0
Danhieux,None,None,None,None,None,None,None,None,None,None,None,None,4 0 0 0 0 0 0 0 0 0 0 0 0 0
Swiggy,None,None,None,None,None,None,None,None,None,None,None,None,4 0 0 0 0 0 0 0 0 0 0 0 0 0
CapStack,None,None,None,None,None,None,None,None,None,None,None,None,4 0 0 0 0 0 0 0 0 0 0 0 0 0
Swile,None,None,None,None,None,None,None,None,None,None,None,None,4 0 0 0 0 0 0 0 0 0 0 0 0 0
CDP,None,None,None,None,None,None,None,None,None,None,None,None,4 0 0 0 0 0 0 0 0 0 0 0 0 0
Lynley,None,None,None,None,None,None,None,None,None,None,None,None,4 0 0 0 0 0 0 0 0 0 0 0 0 0
Inngest,None,None,None,None,None,None,None,None,None,None,None,None,4 0 0 0 0 0 0 0 0 0 0 0 0 0
Forageds,None,None,None,None,None,None,None,None,None,None,None,None,4 0 0 0 0 0 0 0 0 0 0 0 0 0
Sahasranam,None,None,None,None,None,None,None,None,None,None,None,None,4 0 0 0 0 0 0 0 0 0 0 0 0 0
Silo,None,None,None,None,None,None,None,None,None,None,None,None,4 0 0 0 0 0 0 0 0 0 0 0 0 0
Bedrocks,None,None,None,None,None,None,None,None,None,None,None,None,4 0 0 0 0 0 0 0 0 0 0 0 0 0
InvGate,None,None,None,None,None,None,None,None,None,None,None,None,4 0 0 0 0 0 0 0 0 0 0 0 0 0
Tricentis,None,None,None,None,None,None,None,None,None,None,None,None,4 0 0 0 0 0 0 0 0 0 0 0 0 0
Jumbo,None,None,None,None,None,None,None,None,None,None,None,None,4 0 0 0 0 0 0 0 0 0 0 0 0 0
Defacto,None,None,None,None,None,None,None,None,None,None,None,None,4 0 0 0 0 0 0 0 0 0 0 0 0 0
PasarPolis,None,None,None,None,None,None,None,None,None,None,None,None,4 0 0 0 0 0 0 0 0 0 0 0 0 0
Ocean,None,None,None,None,None,None,None,None,None,None,None,None,4 0 0 0 0 0 0 0 0 0 0 0 0 0
Layoffsfyi,None,None,None,None,None,None,None,None,None,None,None,None,4 0 0 0 0 0 0 0 0 0 0 0 0 0
Slack,None,None,None,None,None,None,None,None,None,None,None,None,4 0 0 0 0 0 0 0 0 0 0 0 0 0
Jirav,None,None,None,None,None,None,None,None,None,None,None,None,4 0 0 0 0 0 0 0 0 0 0 0 0 0
Radfar,None,None,None,None,None,None,None,None,None,None,None,None,4 0 0 0 0 0 0 0 0 0 0 0 0 0
Caltech,None,None,None,None,None,None,None,None,None,None,None,None,4 0 0 0 0 0 0 0 0 0 0 0 0 0
Guzner,None,None,None,None,None,None,None,None,None,None,None,None,4 0 0 0 0 0 0 0 0 0 0 0 0 0
Accounttoaccount,None,None,None,None,None,None,None,None,None,None,None,None,4 0 0 0 0 0 0 0 0 0 0 0 0 0
Raft,None,None,None,None,None,None,None,None,None,None,None,None,4 0 0 0 0 0 0 0 0 0 0 0 0 0
Outverses,None,None,None,None,None,None,None,None,None,None,None,None,4 0 0 0 0 0 0 0 0 0 0 0 0 0
NFT,None,None,None,None,None,None,None,None,None,None,None,None,4 0 0 0 0 0 0 0 0 0 0 0 0 0
Humana,None,None,None,None,None,None,None,None,None,None,None,None,4 0 0 0 0 0 0 0 0 0 0 0 0 0
DEI,None,None,None,None,None,None,None,None,None,None,None,None,4 0 0 0 0 0 0 0 0 0 0 0 0 0
Mercury,None,None,None,None,None,None,None,None,None,None,None,None,4 0 0 0 0 0 0 0 0 0 0 0 0 0
Augmedics,None,None,None,None,None,None,None,None,None,None,None,None,4 0 0 0 0 0 0 0 0 0 0 0 0 0
Heads,None,None,None,None,None,None,None,None,None,None,None,None,4 0 0 0 0 0 0 0 0 0 0 0 0 0
PII,None,None,None,None,None,None,None,None,None,None,None,None,4 0 0 0 0 0 0 0 0 0 0 0 0 0
NFTbased,None,None,None,None,None,None,None,None,None,None,None,None,4 0 0 0 0 0 0 0 0 0 0 0 0 0
Weflow,None,None,None,None,None,None,None,None,None,None,None,None,4 0 0 0 0 0 0 0 0 0 0 0 0 0
eFishery,None,None,None,None,None,None,None,None,None,None,None,None,4 0 0 0 0 0 0 0 0 0 0 0 0 0
Deel,None,None,None,None,None,None,None,None,None,None,None,None,4 0 0 0 0 0 0 0 0 0 0 0 0 0
Stanford,None,None,None,None,None,None,None,None,None,None,None,None,4 0 0 0 0 0 0 0 0 0 0 0 0 0
Viola,None,None,None,None,None,None,None,None,None,None,None,None,4 0 0 0 0 0 0 0 0 0 0 0 0 0
Paperspace,None,None,None,None,None,None,None,None,None,None,None,None,4 0 0 0 0 0 0 0 0 0 0 0 0 0
Clair,None,None,None,None,None,None,None,None,None,None,None,None,4 0 0 0 0 0 0 0 0 0 0 0 0 0
Brinc,None,None,None,None,None,None,None,None,None,None,None,None,4 0 0 0 0 0 0 0 0 0 0 0 0 0
LayerZeros,None,None,None,None,None,None,None,None,None,None,None,None,4 0 0 0 0 0 0 0 0 0 0 0 0 0
NDA,None,None,None,None,None,None,None,None,None,None,None,None,4 0 0 0 0 0 0 0 0 0 0 0 0 0
CADDi,None,None,None,None,None,None,None,None,None,None,None,None,4 0 0 0 0 0 0 0 0 0 0 0 0 0
Lakestar,None,None,None,None,None,None,None,None,None,None,None,None,4 0 0 0 0 0 0 0 0 0 0 0 0 0
PharmEasy,None,None,None,None,None,None,None,None,None,None,None,None,4 0 0 0 0 0 0 0 0 0 0 0 0 0
Dougs,None,None,None,None,None,None,None,None,None,None,None,None,4 0 0 0 0 0 0 0 0 0 0 0 0 0
FBN,None,None,None,None,None,None,None,None,None,None,None,None,4 0 0 0 0 0 0 0 0 0 0 0 0 0
Venture,None,None,None,None,None,None,None,None,None,None,None,None,4 0 0 0 0 0 0 0 0 0 0 0 0 0
Shell,None,None,None,None,None,None,None,None,None,None,None,None,4 0 0 0 0 0 0 0 0 0 0 0 0 0
Infisical,None,None,None,None,None,None,None,None,None,None,None,None,4 0 0 0 0 0 0 0 0 0 0 0 0 0
MyDawa,None,None,None,None,None,None,None,None,None,None,None,None,4 0 0 0 0 0 0 0 0 0 0 0 0 0
Tiny,None,None,None,None,None,None,None,None,None,None,None,None,4 0 0 0 0 0 0 0 0 0 0 0 0 0
Pismo,None,None,None,None,None,None,None,None,None,None,None,None,4 0 0 0 0 0 0 0 0 0 0 0 0 0
Betr,None,None,None,None,None,None,None,None,None,None,None,None,4 0 0 0 0 0 0 0 0 0 0 0 0 0
BetterBrands,None,None,None,None,None,None,None,None,None,None,None,None,4 0 0 0 0 0 0 0 0 0 0 0 0 0
Humanes,None,None,None,None,None,None,None,None,None,None,None,None,4 0 0 0 0 0 0 0 0 0 0 0 0 0
Heres,None,None,None,None,None,None,None,None,None,None,None,None,4 0 0 0 0 0 0 0 0 0 0 0 0 0
Customer,None,None,None,None,None,None,None,None,None,None,None,None,4 0 0 0 0 0 0 0 0 0 0 0 0 0
Fertifa,None,None,None,None,None,None,None,None,None,None,None,None,4 0 0 0 0 0 0 0 0 0 0 0 0 0
AIFarm,None,None,None,None,None,None,None,None,None,None,None,None,4 0 0 0 0 0 0 0 0 0 0 0 0 0
Niantic,None,None,None,None,None,None,None,None,None,None,None,None,4 0 0 0 0 0 0 0 0 0 0 0 0 0
Helena,None,None,None,None,None,None,None,None,None,None,None,None,4 0 0 0 0 0 0 0 0 0 0 0 0 0
HaloCar,None,None,None,None,None,None,None,None,None,None,None,None,4 0 0 0 0 0 0 0 0 0 0 0 0 0
HRtech,None,None,None,None,None,None,None,None,None,None,None,None,4 0 0 0 0 0 0 0 0 0 0 0 0 0
EU,None,None,None,None,None,None,None,None,None,None,None,None,4 0 0 0 0 0 0 0 0 0 0 0 0 0
Cyware,None,None,None,None,None,None,None,None,None,None,None,None,4 0 0 0 0 0 0 0 0 0 0 0 0 0
Kenco,None,None,None,None,None,None,None,None,None,None,None,None,4 0 0 0 0 0 0 0 0 0 0 0 0 0
SigmaRoc,None,None,None,None,None,None,None,None,None,None,None,None,4 0 0 0 0 0 0 0 0 0 0 0 0 0
IPOsized,None,None,None,None,None,None,None,None,None,None,None,None,4 0 0 0 0 0 0 0 0 0 0 0 0 0
Techstars,None,None,None,None,None,None,None,None,None,None,None,None,4 0 0 0 0 0 0 0 0 0 0 0 0 0
Altman,None,None,None,None,None,None,None,None,None,None,None,None,4 0 0 0 0 0 0 0 0 0 0 0 0 0
RPA,None,None,None,None,None,None,None,None,None,None,None,None,4 0 0 0 0 0 0 0 0 0 0 0 0 0
BIPOC,None,None,None,None,None,None,None,None,None,None,None,None,4 0 0 0 0 0 0 0 0 0 0 0 0 0
SSN,None,None,None,None,None,None,None,None,None,None,None,None,4 0 0 0 0 0 0 0 0 0 0 0 0 0
Parabola,None,None,None,None,None,None,None,None,None,None,None,None,4 0 0 0 0 0 0 0 0 0 0 0 0 0
Redpanda,None,None,None,None,None,None,None,None,None,None,None,None,4 0 0 0 0 0 0 0 0 0 0 0 0 0
Unaric,None,None,None,None,None,None,None,None,None,None,None,None,4 0 0 0 0 0 0 0 0 0 0 0 0 0
CRV,None,None,None,None,None,None,None,None,None,None,None,None,4 0 0 0 0 0 0 0 0 0 0 0 0 0
Fairphone,None,None,None,None,None,None,None,None,None,None,None,None,4 0 0 0 0 0 0 0 0 0 0 0 0 0
nonSchengen,None,None,None,None,None,None,None,None,None,None,None,None,4 0 0 0 0 0 0 0 0 0 0 0 0 0
FDA,None,None,None,None,None,None,None,None,None,None,None,None,4 0 0 0 0 0 0 0 0 0 0 0 0 0
Flowie,None,None,None,None,None,None,None,None,None,None,None,None,4 0 0 0 0 0 0 0 0 0 0 0 0 0
Remote,None,None,None,None,None,None,None,None,None,None,None,None,4 0 0 0 0 0 0 0 0 0 0 0 0 0
ML,None,None,None,None,None,None,None,None,None,None,None,None,4 0 0 0 0 0 0 0 0 0 0 0 0 0
Deloitte,None,None,None,None,None,None,None,None,None,None,None,None,4 0 0 0 0 0 0 0 0 0 0 0 0 0
Immigrants,None,None,None,None,None,None,None,None,None,None,None,None,4 0 0 0 0 0 0 0 0 0 0 0 0 0
BarIlan,None,None,None,None,None,None,None,None,None,None,None,None,4 0 0 0 0 0 0 0 0 0 0 0 0 0
Socure,None,None,None,None,None,None,None,None,None,None,None,None,4 0 0 0 0 0 0 0 0 0 0 0 0 0
Vervoe,None,None,None,None,None,None,None,None,None,None,None,None,4 0 0 0 0 0 0 0 0 0 0 0 0 0
Kiragu,None,None,None,None,None,None,None,None,None,None,None,None,4 0 0 0 0 0 0 0 0 0 0 0 0 0
Dust,None,None,None,None,None,None,None,None,None,None,None,None,4 0 0 0 0 0 0 0 0 0 0 0 0 0
DePoly,None,None,None,None,None,None,None,None,None,None,None,None,4 0 0 0 0 0 0 0 0 0 0 0 0 0
Baskit,None,None,None,None,None,None,None,None,None,None,None,None,4 0 0 0 0 0 0 0 0 0 0 0 0 0
IRL,None,None,None,None,None,None,None,None,None,None,None,None,4 0 0 0 0 0 0 0 0 0 0 0 0 0
Lilzs,None,None,None,None,None,None,None,None,None,None,None,None,4 0 0 0 0 0 0 0 0 0 0 0 0 0
ICP,None,None,None,None,None,None,None,None,None,None,None,None,4 0 0 0 0 0 0 0 0 0 0 0 0 0
Nair,None,None,None,None,None,None,None,None,None,None,None,None,4 0 0 0 0 0 0 0 0 0 0 0 0 0
Frst,None,None,None,None,None,None,None,None,None,None,None,None,4 0 0 0 0 0 0 0 0 0 0 0 0 0
utu,None,None,None,None,None,None,None,None,None,None,None,None,4 0 0 0 0 0 0 0 0 0 0 0 0 0
HealthReveal,None,None,None,None,None,None,None,None,None,None,None,None,4 0 0 0 0 0 0 0 0 0 0 0 0 0
AdobeFigma,None,None,None,None,None,None,None,None,None,None,None,None,4 0 0 0 0 0 0 0 0 0 0 0 0 0
Attribution,None,None,None,None,None,None,None,None,None,None,None,None,4 0 0 0 0 0 0 0 0 0 0 0 0 0
Articles,None,None,None,None,None,None,None,None,None,None,None,None,4 0 0 0 0 0 0 0 0 0 0 0 0 0
Scott,None,None,None,None,None,None,None,None,None,None,None,None,4 0 0 0 0 0 0 0 0 0 0 0 0 0
Forcite,None,None,None,None,None,None,None,None,None,None,None,None,4 0 0 0 0 0 0 0 0 0 0 0 0 0
Reuters,None,None,None,None,None,None,None,None,None,None,None,None,4 0 0 0 0 0 0 0 0 0 0 0 0 0
Venn,None,None,None,None,None,None,None,None,None,None,None,None,4 0 0 0 0 0 0 0 0 0 0 0 0 0
Tarhan,None,None,None,None,None,None,None,None,None,None,None,None,4 0 0 0 0 0 0 0 0 0 0 0 0 0
Frankly,None,None,None,None,None,None,None,None,None,None,None,None,4 0 0 0 0 0 0 0 0 0 0 0 0 0
Plaid,None,None,None,None,None,None,None,None,None,None,None,None,4 0 0 0 0 0 0 0 0 0 0 0 0 0
Data,None,None,None,None,None,None,None,None,None,None,None,None,4 0 0 0 0 0 0 0 0 0 0 0 0 0
SoulCycle,None,None,None,None,None,None,None,None,None,None,None,None,4 0 0 0 0 0 0 0 0 0 0 0 0 0
Genies,None,None,None,None,None,None,None,None,None,None,None,None,4 0 0 0 0 0 0 0 0 0 0 0 0 0
Kubiks,None,None,None,None,None,None,None,None,None,None,None,None,4 0 0 0 0 0 0 0 0 0 0 0 0 0
Sequoia,None,None,None,None,None,None,None,None,None,None,None,None,4 0 0 0 0 0 0 0 0 0 0 0 0 0
Guardian,None,None,None,None,None,None,None,None,None,None,None,None,4 0 0 0 0 0 0 0 0 0 0 0 0 0
Insight,None,None,None,None,None,None,None,None,None,None,None,None,4 0 0 0 0 0 0 0 0 0 0 0 0 0
Needless,None,None,None,None,None,None,None,None,None,None,None,None,4 0 0 0 0 0 0 0 0 0 0 0 0 0
EAD,None,None,None,None,None,None,None,None,None,None,None,None,4 0 0 0 0 0 0 0 0 0 0 0 0 0
Getir,None,None,None,None,None,None,None,None,None,None,None,None,4 0 0 0 0 0 0 0 0 0 0 0 0 0
Hott,None,None,None,None,None,None,None,None,None,None,None,None,4 0 0 0 0 0 0 0 0 0 0 0 0 0
Danti,None,None,None,None,None,None,None,None,None,None,None,None,4 0 0 0 0 0 0 0 0 0 0 0 0 0
SKU,None,None,None,None,None,None,None,None,None,None,None,None,4 0 0 0 0 0 0 0 0 0 0 0 0 0
Proof,None,None,None,None,None,None,None,None,None,None,None,None,4 0 0 0 0 0 0 0 0 0 0 0 0 0
Sun,None,None,None,None,None,None,None,None,None,None,None,None,4 0 0 0 0 0 0 0 0 0 0 0 0 0
OceanGates,None,None,None,None,None,None,None,None,None,None,None,None,4 0 0 0 0 0 0 0 0 0 0 0 0 0
GPT3,None,None,None,None,None,None,None,None,None,None,None,None,4 0 0 0 0 0 0 0 0 0 0 0 0 0
Edsoma,None,None,None,None,None,None,None,None,None,None,None,None,4 0 0 0 0 0 0 0 0 0 0 0 0 0
Render,None,None,None,None,None,None,None,None,None,None,None,None,4 0 0 0 0 0 0 0 0 0 0 0 0 0
Shop,None,None,None,None,None,None,None,None,None,None,None,None,4 0 0 0 0 0 0 0 0 0 0 0 0 0
Oso,None,None,None,None,None,None,None,None,None,None,None,None,4 0 0 0 0 0 0 0 0 0 0 0 0 0
Nokia,None,None,None,None,None,None,None,None,None,None,None,None,4 0 0 0 0 0 0 0 0 0 0 0 0 0
VAT,None,None,None,None,None,None,None,None,None,None,None,None,4 0 0 0 0 0 0 0 0 0 0 0 0 0
Whisper,None,None,None,None,None,None,None,None,None,None,None,None,4 0 0 0 0 0 0 0 0 0 0 0 0 0
Openovate,None,None,None,None,None,None,None,None,None,None,None,None,4 0 0 0 0 0 0 0 0 0 0 0 0 0
Aakash,None,None,None,None,None,None,None,None,None,None,None,None,4 0 0 0 0 0 0 0 0 0 0 0 0 0
SubSaharan,None,None,None,None,None,None,None,None,None,None,None,None,4 0 0 0 0 0 0 0 0 0 0 0 0 0
Seedstars,None,None,None,None,None,None,None,None,None,None,None,None,4 0 0 0 0 0 0 0 0 0 0 0 0 0
BlackRock,None,None,None,None,None,None,None,None,None,None,None,None,4 0 0 0 0 0 0 0 0 0 0 0 0 0
BuzzCutt,None,None,None,None,None,None,None,None,None,None,None,None,4 0 0 0 0 0 0 0 0 0 0 0 0 0
Mistral,None,None,None,None,None,None,None,None,None,None,None,None,4 0 0 0 0 0 0 0 0 0 0 0 0 0
PagelsMinor,None,None,None,None,None,None,None,None,None,None,None,None,4 0 0 0 0 0 0 0 0 0 0 0 0 0
None,None,None,None,None,None,None,None,None,None,None,None,None,4 0 0 0 0 0 0 0 0 0 0 0 0 0
Piper,None,None,None,None,None,None,None,None,None,None,None,None,4 0 0 0 0 0 0 0 0 0 0 0 0 0
Mindblooms,None,None,None,None,None,None,None,None,None,None,None,None,4 0 0 0 0 0 0 0 0 0 0 0 0 0
Glystn,None,None,None,None,None,None,None,None,None,None,None,None,4 0 0 0 0 0 0 0 0 0 0 0 0 0
JeanNicholas,None,None,None,None,None,None,None,None,None,None,None,None,4 0 0 0 0 0 0 0 0 0 0 0 0 0
Sista,None,None,None,None,None,None,None,None,None,None,None,None,4 0 0 0 0 0 0 0 0 0 0 0 0 0
Chorev,None,None,None,None,None,None,None,None,None,None,None,None,4 0 0 0 0 0 0 0 0 0 0 0 0 0
Lenskart,None,None,None,None,None,None,None,None,None,None,None,None,4 0 0 0 0 0 0 0 0 0 0 0 0 0
LCA,None,None,None,None,None,None,None,None,None,None,None,None,4 0 0 0 0 0 0 0 0 0 0 0 0 0
SEC,None,None,None,None,None,None,None,None,None,None,None,None,4 0 0 0 0 0 0 0 0 0 0 0 0 0
Clearing,None,None,None,None,None,None,None,None,None,None,None,None,4 0 0 0 0 0 0 0 0 0 0 0 0 0
PST,None,None,None,None,None,None,None,None,None,None,None,None,4 0 0 0 0 0 0 0 0 0 0 0 0 0
JDoodle,None,None,None,None,None,None,None,None,None,None,None,None,4 0 0 0 0 0 0 0 0 0 0 0 0 0
TransUnion,None,None,None,None,None,None,None,None,None,None,None,None,4 0 0 0 0 0 0 0 0 0 0 0 0 0
Bhargava,None,None,None,None,None,None,None,None,None,None,None,None,4 0 0 0 0 0 0 0 0 0 0 0 0 0
Kayas,None,None,None,None,None,None,None,None,None,None,None,None,4 0 0 0 0 0 0 0 0 0 0 0 0 0
Finfra,None,None,None,None,None,None,None,None,None,None,None,None,4 0 0 0 0 0 0 0 0 0 0 0 0 0
Khor,None,None,None,None,None,None,None,None,None,None,None,None,4 0 0 0 0 0 0 0 0 0 0 0 0 0
Aware,None,None,None,None,None,None,None,None,None,None,None,None,4 0 0 0 0 0 0 0 0 0 0 0 0 0
VC,None,None,None,None,None,None,None,None,None,None,None,None,4 0 0 0 0 0 0 0 0 0 0 0 0 0
Indifi,None,None,None,None,None,None,None,None,None,None,None,None,4 0 0 0 0 0 0 0 0 0 0 0 0 0
Nagawa,None,None,None,None,None,None,None,None,None,None,None,None,4 0 0 0 0 0 0 0 0 0 0 0 0 0
PMF,None,None,None,None,None,None,None,None,None,None,None,None,4 0 0 0 0 0 0 0 0 0 0 0 0 0
Wardle,None,None,None,None,None,None,None,None,None,None,None,None,4 0 0 0 0 0 0 0 0 0 0 0 0 0
Oova,None,None,None,None,None,None,None,None,None,None,None,None,4 0 0 0 0 0 0 0 0 0 0 0 0 0
HSBC,None,None,None,None,None,None,None,None,None,None,None,None,4 0 0 0 0 0 0 0 0 0 0 0 0 0
Djust,None,None,None,None,None,None,None,None,None,None,None,None,4 0 0 0 0 0 0 0 0 0 0 0 0 0
Carta,None,None,None,None,None,None,None,None,None,None,None,None,4 0 0 0 0 0 0 0 0 0 0 0 0 0
NHTSA,None,None,None,None,None,None,None,None,None,None,None,None,4 0 0 0 0 0 0 0 0 0 0 0 0 0
Braswell,None,None,None,None,None,None,None,None,None,None,None,None,4 0 0 0 0 0 0 0 0 0 0 0 0 0
Mushroom,None,None,None,None,None,None,None,None,None,None,None,None,4 0 0 0 0 0 0 0 0 0 0 0 0 0
FIS,None,None,None,None,None,None,None,None,None,None,None,None,4 0 0 0 0 0 0 0 0 0 0 0 0 0
OKR,None,None,None,None,None,None,None,None,None,None,None,None,4 0 0 0 0 0 0 0 0 0 0 0 0 0
CulturePulses,None,None,None,None,None,None,None,None,None,None,None,None,4 0 0 0 0 0 0 0 0 0 0 0 0 0
Gen2,None,None,None,None,None,None,None,None,None,None,None,None,4 0 0 0 0 0 0 0 0 0 0 0 0 0
Uncommon,None,None,None,None,None,None,None,None,None,None,None,None,4 0 0 0 0 0 0 0 0 0 0 0 0 0
Cloudflare,None,None,None,None,None,None,None,None,None,None,None,None,4 0 0 0 0 0 0 0 0 0 0 0 0 0
Atomico,None,None,None,None,None,None,None,None,None,None,None,None,4 0 0 0 0 0 0 0 0 0 0 0 0 0
EvenUp,None,None,None,None,None,None,None,None,None,None,None,None,4 0 0 0 0 0 0 0 0 0 0 0 0 0
Wards,None,None,None,None,None,None,None,None,None,None,None,None,4 0 0 0 0 0 0 0 0 0 0 0 0 0
Shephard,None,None,None,None,None,None,None,None,None,None,None,None,4 0 0 0 0 0 0 0 0 0 0 0 0 0
Pigment,None,None,None,None,None,None,None,None,None,None,None,None,4 0 0 0 0 0 0 0 0 0 0 0 0 0
Insify,None,None,None,None,None,None,None,None,None,None,None,None,4 0 0 0 0 0 0 0 0 0 0 0 0 0
RealReal,None,None,None,None,None,None,None,None,None,None,None,None,4 0 0 0 0 0 0 0 0 0 0 0 0 0
Digibee,None,None,None,None,None,None,None,None,None,None,None,None,4 0 0 0 0 0 0 0 0 0 0 0 0 0
OHUB,None,None,None,None,None,None,None,None,None,None,None,None,4 0 0 0 0 0 0 0 0 0 0 0 0 0
Register,None,None,None,None,None,None,None,None,None,None,None,None,4 0 0 0 0 0 0 0 0 0 0 0 0 0
Bonside,None,None,None,None,None,None,None,None,None,None,None,None,4 0 0 0 0 0 0 0 0 0 0 0 0 0
Mosaic,None,None,None,None,None,None,None,None,None,None,None,None,4 0 0 0 0 0 0 0 0 0 0 0 0 0
Pachama,None,None,None,None,None,None,None,None,None,None,None,None,4 0 0 0 0 0 0 0 0 0 0 0 0 0
GetHarley,None,None,None,None,None,None,None,None,None,None,None,None,4 0 0 0 0 0 0 0 0 0 0 0 0 0
Apple,None,None,None,None,None,None,None,None,None,None,None,None,4 0 0 0 0 0 0 0 0 0 0 0 0 0
Instabase,None,None,None,None,None,None,None,None,None,None,None,None,4 0 0 0 0 0 0 0 0 0 0 0 0 0
Types,None,None,None,None,None,None,None,None,None,None,None,None,4 0 0 0 0 0 0 0 0 0 0 0 0 0
Eli,None,None,None,None,None,None,None,None,None,None,None,None,4 0 0 0 0 0 0 0 0 0 0 0 0 0
Them,None,None,None,None,None,None,None,None,None,None,None,None,4 0 0 0 0 0 0 0 0 0 0 0 0 0
Keeta,None,None,None,None,None,None,None,None,None,None,None,None,4 0 0 0 0 0 0 0 0 0 0 0 0 0
Config,None,None,None,None,None,None,None,None,None,None,None,None,4 0 0 0 0 0 0 0 0 0 0 0 0 0
Atlantaarea,None,None,None,None,None,None,None,None,None,None,None,None,4 0 0 0 0 0 0 0 0 0 0 0 0 0
BOND,None,None,None,None,None,None,None,None,None,None,None,None,4 0 0 0 0 0 0 0 0 0 0 0 0 0
Kurzman,None,None,None,None,None,None,None,None,None,None,None,None,4 0 0 0 0 0 0 0 0 0 0 0 0 0
Evroc,None,None,None,None,None,None,None,None,None,None,None,None,4 0 0 0 0 0 0 0 0 0 0 0 0 0
Snyks,None,None,None,None,None,None,None,None,None,None,None,None,4 0 0 0 0 0 0 0 0 0 0 0 0 0
IRS,None,None,None,None,None,None,None,None,None,None,None,None,4 0 0 0 0 0 0 0 0 0 0 0 0 0
Consequently,None,None,None,None,None,None,None,None,None,None,None,None,4 0 0 0 0 0 0 0 0 0 0 0 0 0
Affirms,None,None,None,None,None,None,None,None,None,None,None,None,4 0 0 0 0 0 0 0 0 0 0 0 0 0
Fudge,None,None,None,None,None,None,None,None,None,None,None,None,4 0 0 0 0 0 0 0 0 0 0 0 0 0
SVB,None,None,None,None,None,None,None,None,None,None,None,None,4 0 0 0 0 0 0 0 0 0 0 0 0 0
ICO,None,None,None,None,None,None,None,None,None,None,None,None,4 0 0 0 0 0 0 0 0 0 0 0 0 0
Traction,None,None,None,None,None,None,None,None,None,None,None,None,4 0 0 0 0 0 0 0 0 0 0 0 0 0
Angel,None,None,None,None,None,None,None,None,None,None,None,None,4 0 0 0 0 0 0 0 0 0 0 0 0 0
Newtons,None,None,None,None,None,None,None,None,None,None,None,None,4 0 0 0 0 0 0 0 0 0 0 0 0 0
Donelan,None,None,None,None,None,None,None,None,None,None,None,None,4 0 0 0 0 0 0 0 0 0 0 0 0 0
SaxaVord,None,None,None,None,None,None,None,None,None,None,None,None,4 0 0 0 0 0 0 0 0 0 0 0 0 0
ESA,None,None,None,None,None,None,None,None,None,None,None,None,4 0 0 0 0 0 0 0 0 0 0 0 0 0
Linden,None,None,None,None,None,None,None,None,None,None,None,None,4 0 0 0 0 0 0 0 0 0 0 0 0 0
Rural,None,None,None,None,None,None,None,None,None,None,None,None,4 0 0 0 0 0 0 0 0 0 0 0 0 0
lowEarth,None,None,None,None,None,None,None,None,None,None,None,None,4 0 0 0 0 0 0 0 0 0 0 0 0 0
Wikipedia,None,None,None,None,None,None,None,None,None,None,None,None,4 0 0 0 0 0 0 0 0 0 0 0 0 0
VR,None,None,None,None,None,None,None,None,None,None,None,None,4 0 0 0 0 0 0 0 0 0 0 0 0 0
Airbus,None,None,None,None,None,None,None,None,None,None,None,None,4 0 0 0 0 0 0 0 0 0 0 0 0 0
Comparitech,None,None,None,None,None,None,None,None,None,None,None,None,4 0 0 0 0 0 0 0 0 0 0 0 0 0
Spotify,None,None,None,None,None,None,None,None,None,None,None,None,4 0 0 0 0 0 0 0 0 0 0 0 0 0
Getirs,None,None,None,None,None,None,None,None,None,None,None,None,4 0 0 0 0 0 0 0 0 0 0 0 0 0
CNR,None,None,None,None,None,None,None,None,None,None,None,None,4 0 0 0 0 0 0 0 0 0 0 0 0 0
euro,None,None,None,None,None,None,None,None,None,None,None,None,4 0 0 0 0 0 0 0 0 0 0 0 0 0
EASA,None,None,None,None,None,None,None,None,None,None,None,None,4 0 0 0 0 0 0 0 0 0 0 0 0 0
RNA,None,None,None,None,None,None,None,None,None,None,None,None,4 0 0 0 0 0 0 0 0 0 0 0 0 0
apps,None,None,None,None,None,None,None,None,None,None,None,None,4 0 0 0 0 0 0 0 0 0 0 0 0 0
FloodCube,None,None,None,None,None,None,None,None,None,None,None,None,4 0 0 0 0 0 0 0 0 0 0 0 0 0
EUOSHA,None,None,None,None,None,None,None,None,None,None,None,None,4 0 0 0 0 0 0 0 0 0 0 0 0 0
CUR8,None,None,None,None,None,None,None,None,None,None,None,None,4 0 0 0 0 0 0 0 0 0 0 0 0 0
AirConsole,None,None,None,None,None,None,None,None,None,None,None,None,4 0 0 0 0 0 0 0 0 0 0 0 0 0
ELECTRON,None,None,None,None,None,None,None,None,None,None,None,None,4 0 0 0 0 0 0 0 0 0 0 0 0 0
EIC,None,None,None,None,None,None,None,None,None,None,None,None,4 0 0 0 0 0 0 0 0 0 0 0 0 0
Oxford,None,None,None,None,None,None,None,None,None,None,None,None,4 0 0 0 0 0 0 0 0 0 0 0 0 0
Narula,None,None,None,None,None,None,None,None,None,None,None,None,4 0 0 0 0 0 0 0 0 0 0 0 0 0
BNR,None,None,None,None,None,None,None,None,None,None,None,None,4 0 0 0 0 0 0 0 0 0 0 0 0 0
Nevera,None,None,None,None,None,None,None,None,None,None,None,None,4 0 0 0 0 0 0 0 0 0 0 0 0 0
Inevitably,None,None,None,None,None,None,None,None,None,None,None,None,4 0 0 0 0 0 0 0 0 0 0 0 0 0
EcoRunner,None,None,None,None,None,None,None,None,None,None,None,None,4 0 0 0 0 0 0 0 0 0 0 0 0 0
Crowmies,None,None,None,None,None,None,None,None,None,None,None,None,4 0 0 0 0 0 0 0 0 0 0 0 0 0
Arinas,None,None,None,None,None,None,None,None,None,None,None,None,4 0 0 0 0 0 0 0 0 0 0 0 0 0
Heide,None,None,None,None,None,None,None,None,None,None,None,None,4 0 0 0 0 0 0 0 0 0 0 0 0 0
Fairbuds,None,None,None,None,None,None,None,None,None,None,None,None,4 0 0 0 0 0 0 0 0 0 0 0 0 0
Trafikverket,None,None,None,None,None,None,None,None,None,None,None,None,4 0 0 0 0 0 0 0 0 0 0 0 0 0
Arianespace,None,None,None,None,None,None,None,None,None,None,None,None,4 0 0 0 0 0 0 0 0 0 0 0 0 0
Bitkom,None,None,None,None,None,None,None,None,None,None,None,None,4 0 0 0 0 0 0 0 0 0 0 0 0 0
Financial,None,None,None,None,None,None,None,None,None,None,None,None,4 0 0 0 0 0 0 0 0 0 0 0 0 0
Pentagon,None,None,None,None,None,None,None,None,None,None,None,None,4 0 0 0 0 0 0 0 0 0 0 0 0 0
Boden,None,None,None,None,None,None,None,None,None,None,None,None,4 0 0 0 0 0 0 0 0 0 0 0 0 0
SuperNode,None,None,None,None,None,None,None,None,None,None,None,None,4 0 0 0 0 0 0 0 0 0 0 0 0 0
AMR,None,None,None,None,None,None,None,None,None,None,None,None,4 0 0 0 0 0 0 0 0 0 0 0 0 0
EMEA,None,None,None,None,None,None,None,None,None,None,None,None,4 0 0 0 0 0 0 0 0 0 0 0 0 0
Vows,None,None,None,None,None,None,None,None,None,None,None,None,4 0 0 0 0 0 0 0 0 0 0 0 0 0
Stilride,None,None,None,None,None,None,None,None,None,None,None,None,4 0 0 0 0 0 0 0 0 0 0 0 0 0
NASA,None,None,None,None,None,None,None,None,None,None,None,None,4 0 0 0 0 0 0 0 0 0 0 0 0 0
TNW,None,None,None,None,None,None,None,None,None,None,None,None,4 0 0 0 0 0 0 0 0 0 0 0 0 0
Powerfoyle,None,None,None,None,None,None,None,None,None,None,None,None,4 0 0 0 0 0 0 0 0 0 0 0 0 0
un,None,None,None,None,None,None,None,None,None,None,None,None,4 0 0 0 0 0 0 0 0 0 0 0 0 0
Ports,None,None,None,None,None,None,None,None,None,None,None,None,4 0 0 0 0 0 0 0 0 0 0 0 0 0
ClimateTrade,None,None,None,None,None,None,None,None,None,None,None,None,4 0 0 0 0 0 0 0 0 0 0 0 0 0
FlyFeed,None,None,None,None,None,None,None,None,None,None,None,None,4 0 0 0 0 0 0 0 0 0 0 0 0 0
Limited,None,None,None,None,None,None,None,None,None,None,None,None,4 0 0 0 0 0 0 0 0 0 0 0 0 0
Climate,None,None,None,None,None,None,None,None,None,None,None,None,4 0 0 0 0 0 0 0 0 0 0 0 0 0
Nissan,None,None,None,None,None,None,None,None,None,None,None,None,4 0 0 0 0 0 0 0 0 0 0 0 0 0
AmsterdamDelta,None,None,None,None,None,None,None,None,None,None,None,None,4 0 0 0 0 0 0 0 0 0 0 0 0 0
quantum,None,None,None,None,None,None,None,None,None,None,None,None,4 0 0 0 0 0 0 0 0 0 0 0 0 0
Quantum,None,None,None,None,None,None,None,None,None,None,None,None,4 0 0 0 0 0 0 0 0 0 0 0 0 0
Group,None,None,None,None,None,None,None,None,None,None,None,None,4 0 0 0 0 0 0 0 0 0 0 0 0 0
Cement,None,None,None,None,None,None,None,None,None,None,None,None,4 0 0 0 0 0 0 0 0 0 0 0 0 0
Jessel,None,None,None,None,None,None,None,None,None,None,None,None,4 0 0 0 0 0 0 0 0 0 0 0 0 0
Equiums,None,None,None,None,None,None,None,None,None,None,None,None,4 0 0 0 0 0 0 0 0 0 0 0 0 0
WordPress,None,None,None,None,None,None,None,None,None,None,None,None,4 0 0 0 0 0 0 0 0 0 0 0 0 0
jargon,None,None,None,None,None,None,None,None,None,None,None,None,4 0 0 0 0 0 0 0 0 0 0 0 0 0
Influencers,None,None,None,None,None,None,None,None,None,None,None,None,4 0 0 0 0 0 0 0 0 0 0 0 0 0
Techleap,None,None,None,None,None,None,None,None,None,None,None,None,4 0 0 0 0 0 0 0 0 0 0 0 0 0
EC,None,None,None,None,None,None,None,None,None,None,None,None,4 0 0 0 0 0 0 0 0 0 0 0 0 0
Playbook,None,None,None,None,None,None,None,None,None,None,None,None,4 0 0 0 0 0 0 0 0 0 0 0 0 0
Csuite,None,None,None,None,None,None,None,None,None,None,None,None,4 0 0 0 0 0 0 0 0 0 0 0 0 0
Hglund,None,None,None,None,None,None,None,None,None,None,None,None,4 0 0 0 0 0 0 0 0 0 0 0 0 0
Exchanges,None,None,None,None,None,None,None,None,None,None,None,None,4 0 0 0 0 0 0 0 0 0 0 0 0 0
D2C,None,None,None,None,None,None,None,None,None,None,None,None,4 0 0 0 0 0 0 0 0 0 0 0 0 0
WFH,None,None,None,None,None,None,None,None,None,None,None,None,4 0 0 0 0 0 0 0 0 0 0 0 0 0
Verge,None,None,None,None,None,None,None,None,None,None,None,None,4 0 0 0 0 0 0 0 0 0 0 0 0 0
SpaceTech,None,None,None,None,None,None,None,None,None,None,None,None,4 0 0 0 0 0 0 0 0 0 0 0 0 0
GSER,None,None,None,None,None,None,None,None,None,None,None,None,4 0 0 0 0 0 0 0 0 0 0 0 0 0
Legos,None,None,None,None,None,None,None,None,None,None,None,None,4 0 0 0 0 0 0 0 0 0 0 0 0 0
CTO,None,None,None,None,None,None,None,None,None,None,None,None,4 0 0 0 0 0 0 0 0 0 0 0 0 0
Kress,None,None,None,None,None,None,None,None,None,None,None,None,4 0 0 0 0 0 0 0 0 0 0 0 0 0
Gadea,None,None,None,None,None,None,None,None,None,None,None,None,4 0 0 0 0 0 0 0 0 0 0 0 0 0
Skynetuh,None,None,None,None,None,None,None,None,None,None,None,None,4 0 0 0 0 0 0 0 0 0 0 0 0 0
Cabinet,None,None,None,None,None,None,None,None,None,None,None,None,4 0 0 0 0 0 0 0 0 0 0 0 0 0
Diversity,None,None,None,None,None,None,None,None,None,None,None,None,4 0 0 0 0 0 0 0 0 0 0 0 0 0
RoomRaccoon,None,None,None,None,None,None,None,None,None,None,None,None,4 0 0 0 0 0 0 0 0 0 0 0 0 0
Maslow,None,None,None,None,None,None,None,None,None,None,None,None,4 0 0 0 0 0 0 0 0 0 0 0 0 0
Wilson,None,None,None,None,None,None,None,None,None,None,None,None,4 0 0 0 0 0 0 0 0 0 0 0 0 0
Ikea,None,None,None,None,None,None,None,None,None,None,None,None,4 0 0 0 0 0 0 0 0 0 0 0 0 0
Instagram,None,None,None,None,None,None,None,None,None,None,None,None,4 0 0 0 0 0 0 0 0 0 0 0 0 0
Epic,None,None,None,None,None,None,None,None,None,None,None,None,4 0 0 0 0 0 0 0 0 0 0 0 0 0
CAC,None,None,None,None,None,None,None,None,None,None,None,None,4 0 0 0 0 0 0 0 0 0 0 0 0 0
QA,None,None,None,None,None,None,None,None,None,None,None,None,4 0 0 0 0 0 0 0 0 0 0 0 0 0
Patankar,None,None,None,None,None,None,None,None,None,None,None,None,4 0 0 0 0 0 0 0 0 0 0 0 0 0
Physical,None,None,None,None,None,None,None,None,None,None,None,None,4 0 0 0 0 0 0 0 0 0 0 0 0 0
Accenture,None,None,None,None,None,None,None,None,None,None,None,None,4 0 0 0 0 0 0 0 0 0 0 0 0 0
Nadkarni,None,None,None,None,None,None,None,None,None,None,None,None,4 0 0 0 0 0 0 0 0 0 0 0 0 0
Spotifys,None,None,None,None,None,None,None,None,None,None,None,None,4 0 0 0 0 0 0 0 0 0 0 0 0 0
Myrthe,None,None,None,None,None,None,None,None,None,None,None,None,4 0 0 0 0 0 0 0 0 0 0 0 0 0
ESG,None,None,None,None,None,None,None,None,None,None,None,None,4 0 0 0 0 0 0 0 0 0 0 0 0 0
YouTube,None,None,None,None,None,None,None,None,None,None,None,None,4 0 0 0 0 0 0 0 0 0 0 0 0 0
DI,None,None,None,None,None,None,None,None,None,None,None,None,4 0 0 0 0 0 0 0 0 0 0 0 0 0
Channels,None,None,None,None,None,None,None,None,None,None,None,None,4 0 0 0 0 0 0 0 0 0 0 0 0 0
Ancestral,None,None,None,None,None,None,None,None,None,None,None,None,4 0 0 0 0 0 0 0 0 0 0 0 0 0
Agritech,None,None,None,None,None,None,None,None,None,None,None,None,4 0 0 0 0 0 0 0 0 0 0 0 0 0
Freakonomics,None,None,None,None,None,None,None,None,None,None,None,None,4 0 0 0 0 0 0 0 0 0 0 0 0 0
Calibrate,None,None,None,None,None,None,None,None,None,None,None,None,4 0 0 0 0 0 0 0 0 0 0 0 0 0
Netflix,None,None,None,None,None,None,None,None,None,None,None,None,4 0 0 0 0 0 0 0 0 0 0 0 0 0
AgriTech,None,None,None,None,None,None,None,None,None,None,None,None,4 0 0 0 0 0 0 0 0 0 0 0 0 0
Christchurch,None,None,None,None,None,None,None,None,None,None,None,None,4 0 0 0 0 0 0 0 0 0 0 0 0 0
emoji,None,None,None,None,None,None,None,None,None,None,None,None,4 0 0 0 0 0 0 0 0 0 0 0 0 0
CS,None,None,None,None,None,None,None,None,None,None,None,None,4 0 0 0 0 0 0 0 0 0 0 0 0 0
Nocode,None,None,None,None,None,None,None,None,None,None,None,None,4 0 0 0 0 0 0 0 0 0 0 0 0 0
XR,None,None,None,None,None,None,None,None,None,None,None,None,4 0 0 0 0 0 0 0 0 0 0 0 0 0
Bushell,None,None,None,None,None,None,None,None,None,None,None,None,4 0 0 0 0 0 0 0 0 0 0 0 0 0
giants,None,None,None,None,None,None,None,None,None,None,None,None,4 0 0 0 0 0 0 0 0 0 0 0 0 0
DMS,None,None,None,None,None,None,None,None,None,None,None,None,4 0 0 0 0 0 0 0 0 0 0 0 0 0
Vesseur,None,None,None,None,None,None,None,None,None,None,None,None,4 0 0 0 0 0 0 0 0 0 0 0 0 0
Governments,None,None,None,None,None,None,None,None,None,None,None,None,4 0 0 0 0 0 0 0 0 0 0 0 0 0
FinTech,None,None,None,None,None,None,None,None,None,None,None,None,4 0 0 0 0 0 0 0 0 0 0 0 0 0
Ford,None,None,None,None,None,None,None,None,None,None,None,None,4 0 0 0 0 0 0 0 0 0 0 0 0 0
Pomodoro,None,None,None,None,None,None,None,None,None,None,None,None,4 0 0 0 0 0 0 0 0 0 0 0 0 0
PricingBot,None,None,None,None,None,None,None,None,None,None,None,None,4 0 0 0 0 0 0 0 0 0 0 0 0 0
CELLINK,None,None,None,None,None,None,None,None,None,None,None,None,4 0 0 0 0 0 0 0 0 0 0 0 0 0
Phyre,None,None,None,None,None,None,None,None,None,None,None,None,4 0 0 0 0 0 0 0 0 0 0 0 0 0
Micromanaging,None,None,None,None,None,None,None,None,None,None,None,None,4 0 0 0 0 0 0 0 0 0 0 0 0 0
JetBrains,None,None,None,None,None,None,None,None,None,None,None,None,4 0 0 0 0 0 0 0 0 0 0 0 0 0
Comments,None,None,None,None,None,None,None,None,None,None,None,None,4 0 0 0 0 0 0 0 0 0 0 0 0 0
Tolerance,None,None,None,None,None,None,None,None,None,None,None,None,4 0 0 0 0 0 0 0 0 0 0 0 0 0
Agile,None,None,None,None,None,None,None,None,None,None,None,None,4 0 0 0 0 0 0 0 0 0 0 0 0 0
BitGo,None,None,None,None,None,None,None,None,None,None,None,None,4 0 0 0 0 0 0 0 0 0 0 0 0 0
Scooters,None,None,None,None,None,None,None,None,None,None,None,None,4 0 0 0 0 0 0 0 0 0 0 0 0 0
Neuralink,None,None,None,None,None,None,None,None,None,None,None,None,4 0 0 0 0 0 0 0 0 0 0 0 0 0
Birkenstock,None,None,None,None,None,None,None,None,None,None,None,None,4 0 0 0 0 0 0 0 0 0 0 0 0 0
Bootstrap,None,None,None,None,None,None,None,None,None,None,None,None,4 0 0 0 0 0 0 0 0 0 0 0 0 0
Checkoutcom,None,None,None,None,None,None,None,None,None,None,None,None,4 0 0 0 0 0 0 0 0 0 0 0 0 0
Feedback,None,None,None,None,None,None,None,None,None,None,None,None,4 0 0 0 0 0 0 0 0 0 0 0 0 0
PE,None,None,None,None,None,None,None,None,None,None,None,None,4 0 0 0 0 0 0 0 0 0 0 0 0 0
AirCarbon,None,None,None,None,None,None,None,None,None,None,None,None,4 0 0 0 0 0 0 0 0 0 0 0 0 0
Hopins,None,None,None,None,None,None,None,None,None,None,None,None,4 0 0 0 0 0 0 0 0 0 0 0 0 0
Orthodontics,None,None,None,None,None,None,None,None,None,None,None,None,4 0 0 0 0 0 0 0 0 0 0 0 0 0
NATO,None,None,None,None,None,None,None,None,None,None,None,None,4 0 0 0 0 0 0 0 0 0 0 0 0 0
Topping,None,None,None,None,None,None,None,None,None,None,None,None,4 0 0 0 0 0 0 0 0 0 0 0 0 0
Herself,None,None,None,None,None,None,None,None,None,None,None,None,4 0 0 0 0 0 0 0 0 0 0 0 0 0
Lilly,None,None,None,None,None,None,None,None,None,None,None,None,4 0 0 0 0 0 0 0 0 0 0 0 0 0
MA,None,None,None,None,None,None,None,None,None,None,None,None,4 0 0 0 0 0 0 0 0 0 0 0 0 0
Forbes,None,None,None,None,None,None,None,None,None,None,None,None,4 0 0 0 0 0 0 0 0 0 0 0 0 0
Cybersecurity,None,None,None,None,None,None,None,None,None,None,None,None,4 0 0 0 0 0 0 0 0 0 0 0 0 0
Medicare,None,None,None,None,None,None,None,None,None,None,None,None,4 0 0 0 0 0 0 0 0 0 0 0 0 0
Greene,None,None,None,None,None,None,None,None,None,None,None,None,4 0 0 0 0 0 0 0 0 0 0 0 0 0
Sinecureai,None,None,None,None,None,None,None,None,None,None,None,None,4 0 0 0 0 0 0 0 0 0 0 0 0 0
JPMorgan,None,None,None,None,None,None,None,None,None,None,None,None,4 0 0 0 0 0 0 0 0 0 0 0 0 0
KoBold,None,None,None,None,None,None,None,None,None,None,None,None,4 0 0 0 0 0 0 0 0 0 0 0 0 0
CloudZero,None,None,None,None,None,None,None,None,None,None,None,None,4 0 0 0 0 0 0 0 0 0 0 0 0 0
Quick,None,None,None,None,None,None,None,None,None,None,None,None,4 0 0 0 0 0 0 0 0 0 0 0 0 0
BankmanFried,None,None,None,None,None,None,None,None,None,None,None,None,4 0 0 0 0 0 0 0 0 0 0 0 0 0
Synthesia,None,None,None,None,None,None,None,None,None,None,None,None,4 0 0 0 0 0 0 0 0 0 0 0 0 0
SafeTraces,None,None,None,None,None,None,None,None,None,None,None,None,4 0 0 0 0 0 0 0 0 0 0 0 0 0
Cleantech,None,None,None,None,None,None,None,None,None,None,None,None,4 0 0 0 0 0 0 0 0 0 0 0 0 0
Kinnos,None,None,None,None,None,None,None,None,None,None,None,None,4 0 0 0 0 0 0 0 0 0 0 0 0 0
Stability,None,None,None,None,None,None,None,None,None,None,None,None,4 0 0 0 0 0 0 0 0 0 0 0 0 0
Harvard,None,None,None,None,None,None,None,None,None,None,None,None,4 0 0 0 0 0 0 0 0 0 0 0 0 0
SoundHound,None,None,None,None,None,None,None,None,None,None,None,None,4 0 0 0 0 0 0 0 0 0 0 0 0 0
CoreWeave,None,None,None,None,None,None,None,None,None,None,None,None,4 0 0 0 0 0 0 0 0 0 0 0 0 0
Omicron,None,None,None,None,None,None,None,None,None,None,None,None,4 0 0 0 0 0 0 0 0 0 0 0 0 0
Fastforward,None,None,None,None,None,None,None,None,None,None,None,None,4 0 0 0 0 0 0 0 0 0 0 0 0 0
AllTrails,None,None,None,None,None,None,None,None,None,None,None,None,4 0 0 0 0 0 0 0 0 0 0 0 0 0
Nurses,None,None,None,None,None,None,None,None,None,None,None,None,4 0 0 0 0 0 0 0 0 0 0 0 0 0
Flannery,None,None,None,None,None,None,None,None,None,None,None,None,4 0 0 0 0 0 0 0 0 0 0 0 0 0
ElevateBio,None,None,None,None,None,None,None,None,None,None,None,None,4 0 0 0 0 0 0 0 0 0 0 0 0 0
Meta,None,None,None,None,None,None,None,None,None,None,None,None,4 0 0 0 0 0 0 0 0 0 0 0 0 0
Checkoutcoms,None,None,None,None,None,None,None,None,None,None,None,None,4 0 0 0 0 0 0 0 0 0 0 0 0 0
Inperson,None,None,None,None,None,None,None,None,None,None,None,None,4 0 0 0 0 0 0 0 0 0 0 0 0 0
UiPath,None,None,None,None,None,None,None,None,None,None,None,None,4 0 0 0 0 0 0 0 0 0 0 0 0 0
Cardless,None,None,None,None,None,None,None,None,None,None,None,None,4 0 0 0 0 0 0 0 0 0 0 0 0 0
Inditex,None,None,None,None,None,None,None,None,None,None,None,None,4 0 0 0 0 0 0 0 0 0 0 0 0 0
Hetrick,None,None,None,None,None,None,None,None,None,None,None,None,4 0 0 0 0 0 0 0 0 0 0 0 0 0
ServiceNow,None,None,None,None,None,None,None,None,None,None,None,None,4 0 0 0 0 0 0 0 0 0 0 0 0 0
Laskie,None,None,None,None,None,None,None,None,None,None,None,None,4 0 0 0 0 0 0 0 0 0 0 0 0 0
Performio,None,None,None,None,None,None,None,None,None,None,None,None,4 0 0 0 0 0 0 0 0 0 0 0 0 0
ERP,None,None,None,None,None,None,None,None,None,None,None,None,4 0 0 0 0 0 0 0 0 0 0 0 0 0
Ethernovia,None,None,None,None,None,None,None,None,None,None,None,None,4 0 0 0 0 0 0 0 0 0 0 0 0 0
Petal,None,None,None,None,None,None,None,None,None,None,None,None,4 0 0 0 0 0 0 0 0 0 0 0 0 0
Alzheimers,None,None,None,None,None,None,None,None,None,None,None,None,4 0 0 0 0 0 0 0 0 0 0 0 0 0
Henry,None,None,None,None,None,None,None,None,None,None,None,None,4 0 0 0 0 0 0 0 0 0 0 0 0 0
ThredUp,None,None,None,None,None,None,None,None,None,None,None,None,4 0 0 0 0 0 0 0 0 0 0 0 0 0
Bucher,None,None,None,None,None,None,None,None,None,None,None,None,4 0 0 0 0 0 0 0 0 0 0 0 0 0
Mayfield1,None,None,None,None,None,None,None,None,None,None,None,None,4 0 0 0 0 0 0 0 0 0 0 0 0 0
Retailers,None,None,None,None,None,None,None,None,None,None,None,None,4 0 0 0 0 0 0 0 0 0 0 0 0 0
Unicorns,None,None,None,None,None,None,None,None,None,None,None,None,4 0 0 0 0 0 0 0 0 0 0 0 0 0
YTD,None,None,None,None,None,None,None,None,None,None,None,None,4 0 0 0 0 0 0 0 0 0 0 0 0 0
Kenvue,None,None,None,None,None,None,None,None,None,None,None,None,4 0 0 0 0 0 0 0 0 0 0 0 0 0
Klaviyo,None,None,None,None,None,None,None,None,None,None,None,None,4 0 0 0 0 0 0 0 0 0 0 0 0 0
Flexport,None,None,None,None,None,None,None,None,None,None,None,None,4 0 0 0 0 0 0 0 0 0 0 0 0 0
Simpplr,None,None,None,None,None,None,None,None,None,None,None,None,4 0 0 0 0 0 0 0 0 0 0 0 0 0
Israels,None,None,None,None,None,None,None,None,None,None,None,None,4 0 0 0 0 0 0 0 0 0 0 0 0 0
Fed,None,None,None,None,None,None,None,None,None,None,None,None,4 0 0 0 0 0 0 0 0 0 0 0 0 0
Transcarents,None,None,None,None,None,None,None,None,None,None,None,None,4 0 0 0 0 0 0 0 0 0 0 0 0 0
Goldilocks,None,None,None,None,None,None,None,None,None,None,None,None,4 0 0 0 0 0 0 0 0 0 0 0 0 0
Blanco,None,None,None,None,None,None,None,None,None,None,None,None,4 0 0 0 0 0 0 0 0 0 0 0 0 0
Snapcommerce,None,None,None,None,None,None,None,None,None,None,None,None,4 0 0 0 0 0 0 0 0 0 0 0 0 0
Abderas,None,None,None,None,None,None,None,None,None,None,None,None,4 0 0 0 0 0 0 0 0 0 0 0 0 0
ByteDance,None,None,None,None,None,None,None,None,None,None,None,None,4 0 0 0 0 0 0 0 0 0 0 0 0 0
Diagnostics,None,None,None,None,None,None,None,None,None,None,None,None,4 0 0 0 0 0 0 0 0 0 0 0 0 0
Delos,None,None,None,None,None,None,None,None,None,None,None,None,4 0 0 0 0 0 0 0 0 0 0 0 0 0
Colead,None,None,None,None,None,None,None,None,None,None,None,None,4 0 0 0 0 0 0 0 0 0 0 0 0 0
Tribal,None,None,None,None,None,None,None,None,None,None,None,None,4 0 0 0 0 0 0 0 0 0 0 0 0 0
HeyRenee,None,None,None,None,None,None,None,None,None,None,None,None,4 0 0 0 0 0 0 0 0 0 0 0 0 0
Block,None,None,None,None,None,None,None,None,None,None,None,None,4 0 0 0 0 0 0 0 0 0 0 0 0 0
Logistics,None,None,None,None,None,None,None,None,None,None,None,None,4 0 0 0 0 0 0 0 0 0 0 0 0 0
LayerZero,None,None,None,None,None,None,None,None,None,None,None,None,4 0 0 0 0 0 0 0 0 0 0 0 0 0
Rippling,None,None,None,None,None,None,None,None,None,None,None,None,4 0 0 0 0 0 0 0 0 0 0 0 0 0
Aptera,None,None,None,None,None,None,None,None,None,None,None,None,4 0 0 0 0 0 0 0 0 0 0 0 0 0
Boxed,None,None,None,None,None,None,None,None,None,None,None,None,4 0 0 0 0 0 0 0 0 0 0 0 0 0
AccelKKR,None,None,None,None,None,None,None,None,None,None,None,None,4 0 0 0 0 0 0 0 0 0 0 0 0 0
Cousersedog,None,None,None,None,None,None,None,None,None,None,None,None,4 0 0 0 0 0 0 0 0 0 0 0 0 0
Greenlabs,None,None,None,None,None,None,None,None,None,None,None,None,4 0 0 0 0 0 0 0 0 0 0 0 0 0
Ideal,None,None,None,None,None,None,None,None,None,None,None,None,4 0 0 0 0 0 0 0 0 0 0 0 0 0
Serowik,None,None,None,None,None,None,None,None,None,None,None,None,4 0 0 0 0 0 0 0 0 0 0 0 0 0
Chinas,None,None,None,None,None,None,None,None,None,None,None,None,4 0 0 0 0 0 0 0 0 0 0 0 0 0
SXSW,None,None,None,None,None,None,None,None,None,None,None,None,4 0 0 0 0 0 0 0 0 0 0 0 0 0
Skupos,None,None,None,None,None,None,None,None,None,None,None,None,4 0 0 0 0 0 0 0 0 0 0 0 0 0
Thomson,None,None,None,None,None,None,None,None,None,None,None,None,4 0 0 0 0 0 0 0 0 0 0 0 0 0
Kream,None,None,None,None,None,None,None,None,None,None,None,None,4 0 0 0 0 0 0 0 0 0 0 0 0 0
Spark,None,None,None,None,None,None,None,None,None,None,None,None,4 0 0 0 0 0 0 0 0 0 0 0 0 0
Bird,None,None,None,None,None,None,None,None,None,None,None,None,4 0 0 0 0 0 0 0 0 0 0 0 0 0
Artera,None,None,None,None,None,None,None,None,None,None,None,None,4 0 0 0 0 0 0 0 0 0 0 0 0 0
Credit,None,None,None,None,None,None,None,None,None,None,None,None,4 0 0 0 0 0 0 0 0 0 0 0 0 0
Startup,None,None,None,None,None,None,None,None,None,None,None,None,4 0 0 0 0 0 0 0 0 0 0 0 0 0
Farmers,None,None,None,None,None,None,None,None,None,None,None,None,4 0 0 0 0 0 0 0 0 0 0 0 0 0
ATM,None,None,None,None,None,None,None,None,None,None,None,None,4 0 0 0 0 0 0 0 0 0 0 0 0 0
Biotech,None,None,None,None,None,None,None,None,None,None,None,None,4 0 0 0 0 0 0 0 0 0 0 0 0 0
Rolodex,None,None,None,None,None,None,None,None,None,None,None,None,4 0 0 0 0 0 0 0 0 0 0 0 0 0
PepsiCo,None,None,None,None,None,None,None,None,None,None,None,None,4 0 0 0 0 0 0 0 0 0 0 0 0 0
USChina,None,None,None,None,None,None,None,None,None,None,None,None,4 0 0 0 0 0 0 0 0 0 0 0 0 0
Mint,None,None,None,None,None,None,None,None,None,None,None,None,4 0 0 0 0 0 0 0 0 0 0 0 0 0
COHERENCE,None,None,None,None,None,None,None,None,None,None,None,None,4 0 0 0 0 0 0 0 0 0 0 0 0 0
Nasdaqtraded,None,None,None,None,None,None,None,None,None,None,None,None,4 0 0 0 0 0 0 0 0 0 0 0 0 0
Bullock,None,None,None,None,None,None,None,None,None,None,None,None,4 0 0 0 0 0 0 0 0 0 0 0 0 0
Skydio,None,None,None,None,None,None,None,None,None,None,None,None,4 0 0 0 0 0 0 0 0 0 0 0 0 0
Adallom,None,None,None,None,None,None,None,None,None,None,None,None,4 0 0 0 0 0 0 0 0 0 0 0 0 0
Context,None,None,None,None,None,None,None,None,None,None,None,None,4 0 0 0 0 0 0 0 0 0 0 0 0 0
Butler,None,None,None,None,None,None,None,None,None,None,None,None,4 0 0 0 0 0 0 0 0 0 0 0 0 0
Crunchbases,None,None,None,None,None,None,None,None,None,None,None,None,4 0 0 0 0 0 0 0 0 0 0 0 0 0
Upstart,None,None,None,None,None,None,None,None,None,None,None,None,4 0 0 0 0 0 0 0 0 0 0 0 0 0
CybSafe,None,None,None,None,None,None,None,None,None,None,None,None,4 0 0 0 0 0 0 0 0 0 0 0 0 0
Dreamscape,None,None,None,None,None,None,None,None,None,None,None,None,4 0 0 0 0 0 0 0 0 0 0 0 0 0
Hawes,None,None,None,None,None,None,None,None,None,None,None,None,4 0 0 0 0 0 0 0 0 0 0 0 0 0
Deepwatch,None,None,None,None,None,None,None,None,None,None,None,None,4 0 0 0 0 0 0 0 0 0 0 0 0 0
Moongrove,None,None,None,None,None,None,None,None,None,None,None,None,4 0 0 0 0 0 0 0 0 0 0 0 0 0
ActiveFence,None,None,None,None,None,None,None,None,None,None,None,None,4 0 0 0 0 0 0 0 0 0 0 0 0 0
TDX,None,None,None,None,None,None,None,None,None,None,None,None,4 0 0 0 0 0 0 0 0 0 0 0 0 0
Fenty,None,None,None,None,None,None,None,None,None,None,None,None,4 0 0 0 0 0 0 0 0 0 0 0 0 0
ShiftMed,None,None,None,None,None,None,None,None,None,None,None,None,4 0 0 0 0 0 0 0 0 0 0 0 0 0
Juul,None,None,None,None,None,None,None,None,None,None,None,None,4 0 0 0 0 0 0 0 0 0 0 0 0 0
Hospitals,None,None,None,None,None,None,None,None,None,None,None,None,4 0 0 0 0 0 0 0 0 0 0 0 0 0
Church,None,None,None,None,None,None,None,None,None,None,None,None,4 0 0 0 0 0 0 0 0 0 0 0 0 0
Sequeira,None,None,None,None,None,None,None,None,None,None,None,None,4 0 0 0 0 0 0 0 0 0 0 0 0 0
NLP,None,None,None,None,None,None,None,None,None,None,None,None,4 0 0 0 0 0 0 0 0 0 0 0 0 0
Unicorn,None,None,None,None,None,None,None,None,None,None,None,None,4 0 0 0 0 0 0 0 0 0 0 0 0 0
Crux,None,None,None,None,None,None,None,None,None,None,None,None,4 0 0 0 0 0 0 0 0 0 0 0 0 0
Stripe,None,None,None,None,None,None,None,None,None,None,None,None,4 0 0 0 0 0 0 0 0 0 0 0 0 0
NEA,None,None,None,None,None,None,None,None,None,None,None,None,4 0 0 0 0 0 0 0 0 0 0 0 0 0
AmericanIsraeli,None,None,None,None,None,None,None,None,None,None,None,None,4 0 0 0 0 0 0 0 0 0 0 0 0 0
Ethereum,None,None,None,None,None,None,None,None,None,None,None,None,4 0 0 0 0 0 0 0 0 0 0 0 0 0
CES,None,None,None,None,None,None,None,None,None,None,None,None,4 0 0 0 0 0 0 0 0 0 0 0 0 0
RxPass,None,None,None,None,None,None,None,None,None,None,None,None,4 0 0 0 0 0 0 0 0 0 0 0 0 0
Crunchabses,None,None,None,None,None,None,None,None,None,None,None,None,4 0 0 0 0 0 0 0 0 0 0 0 0 0
Tigers,None,None,None,None,None,None,None,None,None,None,None,None,4 0 0 0 0 0 0 0 0 0 0 0 0 0
Restive,None,None,None,None,None,None,None,None,None,None,None,None,4 0 0 0 0 0 0 0 0 0 0 0 0 0
BankmanFrieds,None,None,None,None,None,None,None,None,None,None,None,None,4 0 0 0 0 0 0 0 0 0 0 0 0 0
Volta,None,None,None,None,None,None,None,None,None,None,None,None,4 0 0 0 0 0 0 0 0 0 0 0 0 0
Consumers,None,None,None,None,None,None,None,None,None,None,None,None,4 0 0 0 0 0 0 0 0 0 0 0 0 0
MKUL,None,None,None,None,None,None,None,None,None,None,None,None,4 0 0 0 0 0 0 0 0 0 0 0 0 0
ShiftKey,None,None,None,None,None,None,None,None,None,None,None,None,4 0 0 0 0 0 0 0 0 0 0 0 0 0
Specifically,None,None,None,None,None,None,None,None,None,None,None,None,4 0 0 0 0 0 0 0 0 0 0 0 0 0
ServiceMax,None,None,None,None,None,None,None,None,None,None,None,None,4 0 0 0 0 0 0 0 0 0 0 0 0 0
Silvergate,None,None,None,None,None,None,None,None,None,None,None,None,4 0 0 0 0 0 0 0 0 0 0 0 0 0
Major,None,None,None,None,None,None,None,None,None,None,None,None,4 0 0 0 0 0 0 0 0 0 0 0 0 0
FTX,None,None,None,None,None,None,None,None,None,None,None,None,4 0 0 0 0 0 0 0 0 0 0 0 0 0
Genomics,None,None,None,None,None,None,None,None,None,None,None,None,4 0 0 0 0 0 0 0 0 0 0 0 0 0
SoftBanks,None,None,None,None,None,None,None,None,None,None,None,None,4 0 0 0 0 0 0 0 0 0 0 0 0 0
BeeHero,None,None,None,None,None,None,None,None,None,None,None,None,4 0 0 0 0 0 0 0 0 0 0 0 0 0
1111,None,None,None,None,None,None,None,None,None,None,None,None,4 0 0 0 0 0 0 0 0 0 0 0 0 0
Beyond,None,None,None,None,None,None,None,None,None,None,None,None,4 0 0 0 0 0 0 0 0 0 0 0 0 0
Carlotz,None,None,None,None,None,None,None,None,None,None,None,None,4 0 0 0 0 0 0 0 0 0 0 0 0 0
MasterControl,None,None,None,None,None,None,None,None,None,None,None,None,4 0 0 0 0 0 0 0 0 0 0 0 0 0
Amber,None,None,None,None,None,None,None,None,None,None,None,None,4 0 0 0 0 0 0 0 0 0 0 0 0 0
HistoSonics,None,None,None,None,None,None,None,None,None,None,None,None,4 0 0 0 0 0 0 0 0 0 0 0 0 0
Courtyard,None,None,None,None,None,None,None,None,None,None,None,None,4 0 0 0 0 0 0 0 0 0 0 0 0 0
Zappi,None,None,None,None,None,None,None,None,None,None,None,None,4 0 0 0 0 0 0 0 0 0 0 0 0 0
Horizon,None,None,None,None,None,None,None,None,None,None,None,None,4 0 0 0 0 0 0 0 0 0 0 0 0 0
Dratas,None,None,None,None,None,None,None,None,None,None,None,None,4 0 0 0 0 0 0 0 0 0 0 0 0 0
TripActions,None,None,None,None,None,None,None,None,None,None,None,None,4 0 0 0 0 0 0 0 0 0 0 0 0 0
HealthKart,None,None,None,None,None,None,None,None,None,None,None,None,4 0 0 0 0 0 0 0 0 0 0 0 0 0
Recessions,None,None,None,None,None,None,None,None,None,None,None,None,4 0 0 0 0 0 0 0 0 0 0 0 0 0
DOD,None,None,None,None,None,None,None,None,None,None,None,None,4 0 0 0 0 0 0 0 0 0 0 0 0 0
Madhavapeddy,None,None,None,None,None,None,None,None,None,None,None,None,4 0 0 0 0 0 0 0 0 0 0 0 0 0
Okike,None,None,None,None,None,None,None,None,None,None,None,None,4 0 0 0 0 0 0 0 0 0 0 0 0 0
BlockFis,None,None,None,None,None,None,None,None,None,None,None,None,4 0 0 0 0 0 0 0 0 0 0 0 0 0
BlockFi,None,None,None,None,None,None,None,None,None,None,None,None,4 0 0 0 0 0 0 0 0 0 0 0 0 0
Embarks,None,None,None,None,None,None,None,None,None,None,None,None,4 0 0 0 0 0 0 0 0 0 0 0 0 0
Swell,None,None,None,None,None,None,None,None,None,None,None,None,4 0 0 0 0 0 0 0 0 0 0 0 0 0
Dominos,None,None,None,None,None,None,None,None,None,None,None,None,4 0 0 0 0 0 0 0 0 0 0 0 0 0
KFC,None,None,None,None,None,None,None,None,None,None,None,None,4 0 0 0 0 0 0 0 0 0 0 0 0 0
Target,None,None,None,None,None,None,None,None,None,None,None,None,4 0 0 0 0 0 0 0 0 0 0 0 0 0
CNN,None,None,None,None,None,None,None,None,None,None,None,None,4 0 0 0 0 0 0 0 0 0 0 0 0 0
DispatchHealth,None,None,None,None,None,None,None,None,None,None,None,None,4 0 0 0 0 0 0 0 0 0 0 0 0 0
Genesis,None,None,None,None,None,None,None,None,None,None,None,None,4 0 0 0 0 0 0 0 0 0 0 0 0 0
Splitero,None,None,None,None,None,None,None,None,None,None,None,None,4 0 0 0 0 0 0 0 0 0 0 0 0 0
FTXrelated,None,None,None,None,None,None,None,None,None,None,None,None,4 0 0 0 0 0 0 0 0 0 0 0 0 0
Tangs,None,None,None,None,None,None,None,None,None,None,None,None,4 0 0 0 0 0 0 0 0 0 0 0 0 0
LGBTQIA,None,None,None,None,None,None,None,None,None,None,None,None,4 0 0 0 0 0 0 0 0 0 0 0 0 0
Fisker,None,None,None,None,None,None,None,None,None,None,None,None,4 0 0 0 0 0 0 0 0 0 0 0 0 0
Printing,None,None,None,None,None,None,None,None,None,None,None,None,4 0 0 0 0 0 0 0 0 0 0 0 0 0
Inventory,None,None,None,None,None,None,None,None,None,None,None,None,4 0 0 0 0 0 0 0 0 0 0 0 0 0
FTT,None,None,None,None,None,None,None,None,None,None,None,None,4 0 0 0 0 0 0 0 0 0 0 0 0 0
Cannabis,None,None,None,None,None,None,None,None,None,None,None,None,4 0 0 0 0 0 0 0 0 0 0 0 0 0
Front,None,None,None,San Francisco CA,None,None,None,None,None,None,None,None,2 0 0 0 2 0 0 0 0 0 0 0 0 0
Culdesac,None,None,None,Tempe AZ,None,None,None,None,None,None,None,None,2 0 0 0 2 0 0 0 0 0 0 0 0 0
Retorio,None,None,None,Mnchen Bayern Germany,None,None,None,None,None,None,None,None,2 0 0 0 2 0 0 0 0 0 0 0 0 0
stakefish,None,None,None,Decentralized on Sol III,None,None,None,None,None,None,None,None,2 0 0 0 2 0 0 0 0 0 0 0 0 0
B12,None,None,None,Anywhere,None,None,None,None,None,None,None,None,2 0 0 0 2 0 0 0 0 0 0 0 0 0
Around,None,None,None,,None,None,None,None,None,None,None,None,2 0 0 0 2 0 0 0 0 0 0 0 0 0
KittyCAD,None,None,None,,None,None,None,None,None,None,None,None,2 0 0 0 2 0 0 0 0 0 0 0 0 0
Agency Enterprise Studio,None,None,None,Florianopolis office/ Brazil remote,None,None,None,None,None,None,None,None,2 0 0 0 2 0 0 0 0 0 0 0 0 0
anchorage,None,None,None,United States,None,None,None,None,None,None,None,None,2 0 0 0 2 0 0 0 0 0 0 0 0 0
MissionWired,None,None,None,United States   Flexibility,None,None,None,None,None,None,None,None,2 0 0 0 2 0 0 0 0 0 0 0 0 0
Jeeves,None,None,None,None,None,None,None,None,None,None,None,None,4 0 0 0 0 0 0 0 0 0 0 0 0 0
MycoWorks,None,None,None,None,None,None,None,None,None,None,None,None,4 0 0 0 0 0 0 0 0 0 0 0 0 0
Rings,None,None,None,None,None,None,None,None,None,None,None,None,4 0 0 0 0 0 0 0 0 0 0 0 0 0
Knowledge,None,None,None,None,None,None,None,None,None,None,None,None,4 0 0 0 0 0 0 0 0 0 0 0 0 0
Sandepudi,None,None,None,None,None,None,None,None,None,None,None,None,4 0 0 0 0 0 0 0 0 0 0 0 0 0
Trustmi,None,None,None,None,None,None,None,None,None,None,None,None,4 0 0 0 0 0 0 0 0 0 0 0 0 0
Dioxycle,None,None,None,None,None,None,None,None,None,None,None,None,4 0 0 0 0 0 0 0 0 0 0 0 0 0
Uber,None,None,None,None,None,None,None,None,None,None,None,None,4 0 0 0 0 0 0 0 0 0 0 0 0 0
Penneycard,None,None,None,None,None,None,None,None,None,None,None,None,4 0 0 0 0 0 0 0 0 0 0 0 0 0
MathMaster,None,None,None,None,None,None,None,None,None,None,None,None,4 0 0 0 0 0 0 0 0 0 0 0 0 0
